INSERT INTO garage (`id`, `nom`, `rue`, `cp`, `ville`, `tel`, `email`, `site_web`) VALUES
    (1, 'Garage CARSAVVY', '123 Avenue des Réparations', '57070', 'Metz', '0387456789', 'contact@garagesavvy-metz.com', 'www.garagesavvy.com');

--
-- Déchargement des données de la table `marque`
--

INSERT INTO `marque` (`id`, `nom`) VALUES
                                       (1, 'Toyota'),
                                       (2, 'BMW'),
                                       (3, ' Ford'),
                                       (4, 'Chevrolet'),
                                       (5, 'Mercedes-Benz'),
                                       (6, 'Audi'),
                                       (7, 'Nissan'),
                                       (8, 'Volkswagen'),
                                       (9, 'Hyundai'),
                                       (10, 'Honda');

--
-- Déchargement des données de la table `materiel`
--

INSERT INTO `materiel` (`id`, `nom`, `datedebutlocation`, `datefinlocation`) VALUES
                                                                                 (1, 'Pont Élévateur', '2018-01-10 14:30:00', '2018-01-15 14:30:00'),
                                                                                 (2, 'Pont Élévateur', '2018-01-10 12:30:00', '2018-01-15 12:30:00'),
                                                                                 (3, 'Pont Élévateur', '2018-01-10 10:30:00', '2018-01-15 10:30:00'),
                                                                                 (4, 'Pont Élévateur', '2018-01-10 12:30:00', '2018-01-15 12:30:00'),
                                                                                 (5, 'Pont Élévateur', '2018-01-10 09:30:00', '2018-01-15 09:30:00'),
                                                                                 (6, 'Boite à outil complète', '2018-01-10 10:30:00', '2018-01-15 10:30:00'),
                                                                                 (7, 'Boite à outil complète', '2018-01-10 10:30:00', '2018-01-15 10:30:00'),
                                                                                 (8, 'Boite à outil complète', '2018-01-10 10:30:00', '2018-01-15 10:30:00'),
                                                                                 (9, 'Boite à outil complète', '2018-01-10 10:30:00', '2018-01-15 10:30:00'),
                                                                                 (10, 'Boite à outil complète', '2018-01-10 12:30:00', '2018-01-15 12:30:00'),
                                                                                 (11, 'Compresseur d\'air', '2018-01-10 10:30:00', '2018-01-15 10:30:00'),
                                                                                 (12, 'Compresseur d\'air', '2018-01-10 10:30:00', '2018-01-15 10:30:00'),
                                                                                 (13, 'Compresseur d\'air', '2018-01-10 10:30:00', '2018-01-15 10:30:00'),
                                                                                 (14, 'Compresseur d\'air', '2018-01-10 10:30:00', '2018-01-15 10:30:00'),
                                                                                 (15, 'Compresseur d\'air', '2018-01-10 09:30:00', '2018-01-15 09:30:00'),
                                                                                 (16, 'Diagnostiquer OBD-II', '2018-01-10 10:30:00', '2018-01-15 10:30:00'),
                                                                                 (17, 'Diagnostiquer OBD-II', '2018-01-10 10:30:00', '2018-01-15 10:30:00'),
                                                                                 (18, 'Diagnostiquer OBD-II', '2018-01-10 10:30:00', '2018-01-15 10:30:00'),
                                                                                 (19, 'Diagnostiquer OBD-II', '2018-01-10 10:30:00', '2018-01-15 10:30:00'),
                                                                                 (20, 'Diagnostiquer OBD-II', '2018-01-10 12:30:00', '2018-01-15 12:30:00'),
                                                                                 (21, 'Chariot de Vidange d\'Huile', '2018-01-10 10:30:00', '2018-01-15 10:30:00'),
                                                                                 (22, 'Chariot de Vidange d\'Huile', '2018-01-10 10:30:00', '2018-01-15 10:30:00'),
                                                                                 (23, 'Chariot de Vidange d\'Huile', '2018-01-10 10:30:00', '2018-01-15 10:30:00'),
                                                                                 (24, 'Chariot de Vidange d\'Huile', '2018-01-10 10:30:00', '2018-01-15 10:30:00'),
                                                                                 (25, 'Chariot de Vidange d\'Huile', '2018-01-10 12:30:00', '2018-01-15 12:30:00');

--
-- Déchargement des données de la table `modele`
--

INSERT INTO `modele` (`id`, `nom`, `annee`, `id_Marque`) VALUES
                                                             (1, 'Corolla', 2002, 1),
                                                             (2, 'Camry', 2002, 1),
                                                             (3, 'RAV4', 2001, 1),
                                                             (4, 'Prius', 1988, 1),
                                                             (5, 'Highlander', 1989, 1),
                                                             (6, 'Tacoma', 2008, 1),
                                                             (7, 'Sienna', 2004, 1),
                                                             (8, 'Avalon', 1992, 1),
                                                             (9, '4Runner', 1987, 1),
                                                             (10, 'Yaris', 2005, 1),
                                                             (11, '3 Series', 2011, 2),
                                                             (12, '5 Series', 1984, 2),
                                                             (13, 'X3', 1998, 2),
                                                             (14, 'X5', 2007, 2),
                                                             (15, '7 Series', 1999, 2),
                                                             (16, 'X1', 1997, 2),
                                                             (17, '4 Series', 2005, 2),
                                                             (18, '2 Series', 2002, 2),
                                                             (19, 'Z4', 1986, 2),
                                                             (20, 'i3', 1994, 2),
                                                             (21, 'F-150', 2007, 3),
                                                             (22, 'Mustang', 1997, 3),
                                                             (23, 'Explorer', 2004, 3),
                                                             (24, 'Escape', 1980, 3),
                                                             (25, 'Fusion', 2005, 3),
                                                             (26, 'Ranger', 2012, 3),
                                                             (27, 'Edge', 1989, 3),
                                                             (28, 'Expedition', 2002, 3),
                                                             (29, 'Focus', 1991, 3),
                                                             (30, 'EcoSport', 2017, 3),
                                                             (31, 'Civic', 1993, 10),
                                                             (32, 'Accord', 1998, 10),
                                                             (33, 'CR-V', 2006, 10),
                                                             (34, 'Pilot', 1992, 10),
                                                             (35, 'Odyssey', 1994, 10),
                                                             (36, 'Fit', 2011, 10),
                                                             (37, 'HR-V', 1992, 10),
                                                             (38, 'Ridgeline', 1992, 10),
                                                             (39, 'Passport', 2003, 10),
                                                             (40, 'Insight', 1981, 10),
                                                             (41, 'Silverado', 1997, 4),
                                                             (42, 'Equinox', 1995, 4),
                                                             (43, 'Traverse', 2015, 4),
                                                             (44, 'Malibu', 1985, 4),
                                                             (45, 'Tahoe', 2012, 4),
                                                             (46, 'Camaro', 1993, 4),
                                                             (47, 'Colorado', 2001, 4),
                                                             (48, 'Suburban', 2003, 4),
                                                             (49, 'Trax', 1986, 4),
                                                             (50, 'Impala', 2001, 4),
                                                             (51, 'C-Class', 2002, 5),
                                                             (52, 'E-Class', 2007, 5),
                                                             (53, 'GLC', 1989, 5),
                                                             (54, 'GLE', 1998, 5),
                                                             (55, 'A- Class', 1997, 5),
                                                             (56, 'S-Class', 1994, 5),
                                                             (57, 'GLA', 2008, 5),
                                                             (58, 'CLA', 1981, 5),
                                                             (59, 'GLB', 2004, 5),
                                                             (60, 'GLS', 2007, 5),
                                                             (61, 'A4', 2003, 6),
                                                             (62, 'Q5', 1983, 6),
                                                             (63, 'A3', 2010, 6),
                                                             (64, 'Q7', 1989, 6),
                                                             (65, 'A6', 2002, 6),
                                                             (66, 'Q3', 2004, 6),
                                                             (67, 'A5', 1989, 6),
                                                             (68, 'Q8', 1994, 6),
                                                             (69, 'RS3', 2011, 6),
                                                             (70, 'TT', 1995, 6),
                                                             (71, 'Altima', 1996, 7),
                                                             (72, 'Rogue', 1982, 7),
                                                             (73, 'Sentra', 2008, 7),
                                                             (74, 'Pathfinder', 1997, 7),
                                                             (75, 'Versa', 1992, 7),
                                                             (76, 'Maxima', 1992, 7),
                                                             (77, 'Murano', 2002, 7),
                                                             (78, 'Frontier', 2006, 7),
                                                             (79, 'Titan', 1994, 7),
                                                             (80, 'Armada', 2003, 7),
                                                             (81, 'Jetta', 2004, 8),
                                                             (82, 'Passat', 1981, 8),
                                                             (83, 'Tiguan', 1991, 8),
                                                             (84, 'Atlas', 1992, 8),
                                                             (85, 'Golf', 2015, 8),
                                                             (86, 'Beetle', 1986, 8),
                                                             (87, 'Arteon', 2002, 8),
                                                             (88, 'ID.4', 2004, 8),
                                                             (89, 'Touareg', 1988, 8),
                                                             (90, 'Atlas Cross Sport', 1990, 8),
                                                             (91, 'Elantra', 1995, 9),
                                                             (92, 'Sonata', 1989, 9),
                                                             (93, 'Tucson', 2012, 9),
                                                             (94, 'Santa Fe', 2000, 9),
                                                             (95, 'Accent', 2002, 9),
                                                             (96, 'Kona', 1982, 9),
                                                             (97, 'Palisade', 2012, 9),
                                                             (98, 'Venue', 1988, 9),
                                                             (99, 'Veloster', 2004, 9),
                                                             (100, 'Ioniq', 2005, 9);

--
-- Déchargement des données de la table `prestation`
--

INSERT INTO `prestation` (`id`, `libelle`, `description`,image_url, `id_garage`) VALUES
                                                                           (1, 'Pneus', 'Changement de pneus et équilibrage des roues.','src/main/resources/static/images/pneus.png', 1),
                                                                           (2, 'Révision', 'Révision générale du véhicule avec vidange des fluides.','src/main/resources/static/images/carsavvy presations.jpg', 1),
                                                                           (3, 'Vidange', 'Remplacement de lhuile moteur et du filtre à huile','src/main/resources/static/images/vidange.png', 1),
                                                                           (4, 'Reparation de la carrosserie', 'Reparation des dommages extérieurs au véhicule','src/main/resources/static/images/carosserie.png', 1),
                                                                           (5, 'Diagnostic electronique', 'Analyse des systemes electroniques du véhicule','src/main/resources/static/images/diagnostic.png', 1),
                                                                           (6, 'Amortisseurs', 'Remplacement et vérification des amortisseurs','src/main/resources/static/images/amortisseurs.png', 1),
                                                                           (7, 'Contrôle technique', 'Vérification complète du véhicule pour le contrôle technique obligatoire','src/main/resources/static/images/controle.png', 1);




--
-- Déchargement des données de la table `role`
--

INSERT INTO `role` (`id`, `nom`) VALUES
                                     (1, 'admin'),
                                     (2, 'technicien'),
                                     (3, 'utilisateur'),
                                     (4, 'adherent');

--
-- Déchargement des données de la table `salaries`
--

INSERT INTO `salaries` (`Id`, `nom`, `prenom`, `passeword`, `email`, `poste`, `id_garage`) VALUES
                                                                                               (1, 'Dubois', 'Mathieu', 'toto1', 'bmathieu@gmail.com', 'Mécanicien automobile', 1),
                                                                                               (2, 'Petit', 'Jeremy', 'toto2', 'petit@gmail.com', 'Chef atelier automobile', 1),
                                                                                               (3, 'Doe', 'Jhon', 'toto3', 'doe@gmail.com', 'Monteur pneumatique', 1),
                                                                                               (4, 'Doe', 'Jane', 'toto4', 'janedoe@gmail.com', 'Réceptionniste atelier automobile', 1),
                                                                                               (5, 'Smith', 'Alexandre', 'toto5', 'smith@gmail.com', 'Mécanicien automobile', 1),
                                                                                               (6, 'Soulas', 'Ethan', 'toto6', 'soulas@gmail.com', 'Mécanicien automobile', 1);

--
-- Déchargement des données de la table `sousprestation`
--

INSERT INTO `sousprestation` (`id`, `libelle`, `prix`, `duree`, `id_prestation`) VALUES
                                                                                     (1, 'Changement de pneus', '100.00', '01:30:00', 1),
                                                                                     (2, 'Équilibrage des roues', '50.00', '00:30:00', 1),
                                                                                     (3, 'Vidange dhuile moteur', '80.00', '00:45:00', 2),
                                                                                     (4, 'Inspection des freins', '60.00', '00:30:00', 2),
                                                                                     (5, 'Changement de filtre à air', '40.00', '00:15:00', 2),
                                                                                     (6, 'Remplacement de lhuile moteur', '80.00', '00:30:00', 3),
                                                                                     (7, 'Remplacement du filtre à huile', '30.00', '00:15:00', 3),
                                                                                     (8, 'Vérification du niveau dhuile', '20.00', '00:15:00', 3),
                                                                                     (9, 'Redressage des bosses', '150.00', '02:00:00', 4),
                                                                                     (10, 'Réparation des rayures', '100.00', '01:00:00', 4),
                                                                                     (11, 'Remplacement du pare-chocs', '200.00', '03:00:00', 4),
                                                                                     (12, 'Lecture des codes derreur', '50.00', '00:30:00', 5),
                                                                                     (13, 'Analyse des capteurs', '100.00', '00:15:00', 5),
                                                                                     (14, 'Réparation du système électrique', '150.00', '02:00:00', 5);

--
-- Déchargement des données de la table `utilisateur`
--

INSERT INTO `utilisateur` (`id`, `nom`, `prenom`, `passeword`, `email`, `rue`, `cp`, `ville`, `tel`, `date_creation`) VALUES
                                                                                                                          (1, 'Nina', 'Marie', '$2b$12$EixZaYVK1fsbw1ZfbX3OXe.PoGoy2Zlr8bZ.Sjz8JiXiZjTQvvBtK', 'sed@outlook.couk', 'Ap #686-5149 Gravida Av.', '50416', 'Biarritz', '02 14 32 59 70', '2023-04-15'),
                                                                                                                          (2, 'Eric', 'Paul', '$2b$12$KIXUZP6LRNeyZwpPQ5mBLuUSl4J3gX3unFRp/ILsZ1wA9tyaDbN5C', 'condimentum.donec@hotmail.ca', 'Ap #177-3125 Egestas Av.', '24157', 'Soissons', '06 32 76 58 25', '2023-12-10'),
                                                                                                                          (3, 'Cameron', 'John', '$2b$12$3GZ4J5DIlhQW.svOJEnO2OC3Ib/R8TA4I.sRoImA3Jo6vB/ApYJQ2', 'lorem@outlook.ca', 'P.O. Box 486, 3601 Eros. Ave', '23263', 'Saint-Herblain', '06 46 62 44 16', '2022-07-22'),
                                                                                                                          (4, 'Nigel', 'Patrick', '$2b$12$YxU2U0MQchD1psQ3x3dDJ.6U6PseIZd5FxWmIlMZH3Q34WB4fomBi', 'quis.urna.nunc@aol.couk', '565 Mauris Road', '76621', 'Strasbourg', '04 12 27 38 57', '2024-01-18'),
                                                                                                                          (5, 'Leilani', 'Sarah', '$2b$12$0yZ/lxj/JX8IopRfTDFR8eL1G7hK2ZzmyvZBqZ/I6/fx0YNeO9uDa', 'eu.elit@icloud.edu', 'Ap #700-4691 Nulla Road', '20524', 'Saint-Étienne-du-Rouvray', '08 30 22 94 36', '2022-10-05'),
                                                                                                                          (6, 'Davis', 'Michael', '$2b$12$XxJx5Zis1VWfYv/yk9LCo.iz7RgMXbPfr2YxIIFVzthBbQUQk5xFu', 'nec.tellus@aol.ca', 'Ap #864-1358 Duis Road', '85481', 'Montluçon', '02 16 55 96 72', '2023-03-22'),
                                                                                                                          (7, 'Sebastian', 'Leo', '$2b$12$8xkTkf9H8uVD33KlXPOUqOwAQO4jRYcqF/NZm/awHDM/hTjGkeObO', 'enim.consequat@hotmail.edu', '4807 Mattis. Avenue', '36395', 'Courbevoie', '06 95 44 07 58', '2024-04-25'),
                                                                                                                          (8, 'Illiana', 'Léa', '$2b$12$68sx5s0EDRx8R4edNn.KFuAIltiPgEDbUBT.RZTtBdX6Y9t9AEddW', 'dictum.cursus@yahoo.ca', 'Ap #378-3344 Eu Street', '71526', 'Aix-en-Provence', '06 41 78 32 17', '2023-07-18'),
                                                                                                                          (9, 'Zachary', 'Lucas', '$2b$12$BdceaiHMCk74hGtHplsp8.2hVRvG4oU3r89RprjNANdeWZTWmDqgK', 'lobortis.quam.a@google.couk', '431-4797 Turpis Ave', '97533', 'Toulouse', '03 51 17 57 88', '2022-11-05'),
                                                                                                                          (10, 'Brenna', 'Alice', '$2b$12$vlFHMyAOSvFvR5YZwi0/c.vkydWt6FYH9pXxEKr0E41b6h3zAeQa6', 'sodales@aol.edu', 'Ap #551-2822 Lorem Av.', '24238', 'Caen', '02 23 74 20 94', '2024-03-10'),
                                                                                                                          (11, 'Lysandra', 'Julia', '$2b$12$cOd/lUOcD4uSFGIx6psN5uIUy/vwv6YpRPmKjb1ZmkHBqT/m9KX7C', 'fames.ac@icloud.com', 'P.O. Box 900, 1958 Dui. Street', '11100', 'Maubeuge', '07 78 11 06 63', '2023-01-01'),
                                                                                                                          (12, 'Cooper', 'Alex', '$2b$12$7PHz5jDLMO9WvZTt4ocFwOetB5SclOG0R/3MSD7.iyOQ3LP9Zay2S', 'netus.et@yahoo.ca', '270-5295 Vulputate Rd.', '65454', 'Arles', '05 48 81 37 57', '2022-06-14'),
                                                                                                                          (13, 'Nomlanga', 'Louis', '$2b$12$Tjo/nHnK7skQH4J9FxDuw.TcvBhZUp06lNmcZ6MOslwYm5Sc6K7Zm', 'cursus@yahoo.com', '526-6482 Fusce Street', '11894', 'Hyères', '09 67 82 30 61', '2023-11-23'),
                                                                                                                          (14, 'Megan', 'Emma', '$2b$12$p2RU.hJ9vK6VoAIjTGy/4uOKXZJ.lfCFGrD5ABy.CLeI03rKwq5v6', 'placerat@icloud.couk', '4226 Mauris Rd.', '19491', 'Boulogne-sur-Mer', '06 17 49 54 78', '2024-02-14'),
                                                                                                                          (15, 'Fredericka', 'Ella', '$2b$12$C7V/1X2W8Cr4wGl8Rmj4a.fUVX/wXE4U/HQsA6vReHpkJlf3hxUuy', 'placerat@google.ca', 'Ap #303-2599 At, Ave', '60766', 'Lyon', '04 15 53 93 42', '2022-12-10'),
                                                                                                                          (16, 'Salvador', 'Armand', '$2b$12$riPoZb.uzn3W8PHR/MOyoOSPNmH4gQAtpQBFmThhxzmh38tWXYmuW', 'quam@google.edu', 'Ap #944-6847 Id, Rd.', '50416', 'Clermont-Ferrand', '06 26 25 63 53', '2023-05-12'),
                                                                                                                          (17, 'Shay', 'James', '$2b$12$HEJdL1Lzg.qgW3obKFbwlupkHQPoB0DEPA0WzQpFBxDjzF1l24fzK', 'quisque.ac@outlook.com', '1578 Etiam Ave', '23263', 'Créteil', '04 24 20 88 32', '2023-09-15'),
                                                                                                                          (18, 'Dean', 'Alain', '$2b$12$HD1TeHbRoTgR0zOpZowKUuB3jpyL6Fpmuoh1O4E8MHC4Zx3nRQv56', 'fermentum@google.ca', '129-5263 Ipsum. Rd.', '76621', 'Troyes', '06 27 19 14 47', '2023-08-21'),
                                                                                                                          (19, 'Lunea', 'Noel', '$2b$12$wZZo1YPY9ie//ODDA3Pp7uU6Thlmz6vVFLkGypMizn8B9hnM4aVu2', 'metus@yahoo.org', '217-4864 Gravida Rd.', '61576', 'Villeurbanne', '02 16 12 34 48', '2023-02-19'),
                                                                                                                          (20, 'Aline', 'Sophie', '$2b$12$fGZ.Nj/zC2L1.s1BBdz1LuCbhbCgVvQQ.Y7JzshALtpPHuLMa0gZG', 'nec@aol.com', 'P.O. Box 207, 7981 Ultricies Avenue', '12852', 'Meaux', '05 83 44 15 44', '2023-07-24'),
                                                                                                                          (21, 'Heather', 'Léa', '$2b$12$FWOUZT2oW4D/5M97Ymj0gec8QL37SL7zKHoVz0p5FyYRmGqkMvg6i', 'morbi.non@icloud.ca', 'P.O. Box 535, 5195 Nonummy. Ave', '85592', 'Lille', '02 56 27 52 21', '2023-10-12'),
                                                                                                                          (22, 'Clinton', 'William', '$2b$12$W3B0TXQk73s1fiXopPVOQu3CzRGX6IEuL7lgY25KZZ0.VrJwvIzli', 'aenean.egestas@google.org', '160-5632 Nec, St.', '78092', 'Montauban', '04 22 83 82 58', '2022-12-25'),
                                                                                                                          (23, 'Alan', 'Hugo', '$2b$12$Bvm/B2q5/2k7/x2uk5/b8ON9txfZGR3Ac4Iqwn9CGv64aSbp0ULxi', 'donec.sollicitudin@yahoo.couk', 'Ap #197-4675 Enim. Rd.', '11471', 'Aubagne', '08 22 34 20 39', '2023-04-19'),
                                                                                                                          (24, 'Isabelle', 'Émilie', '$2b$12$iy9Irmc5PYkcPrJxDBPjmu3a4Yajg2iG9TbQQbHj.QM9x5W/0hLCy', 'tortor@icloud.com', '4131 Lacinia Rd.', '46851', 'Annecy', '04 37 22 71 64', '2023-11-08'),
                                                                                                                          (25, 'Maile', 'Théo', '$2b$12$x/ajpGl4G2XgRPmNkMzLle5gVYeFfFye55eikKQ1XwKt8IkZyefH6', 'nulla.sed@yahoo.com', '551-9968 Ultricies Rd.', '20366', 'Bordeaux', '09 41 74 92 40', '2022-08-21'),
                                                                                                                          (26, 'Talon', 'Michel', '$2b$12$1GEeWZQxIGlQ1eNCYx6ZzO4mkL/pXUolZtGkprm87aX/n.xFh0DQy', 'faucibus.morbi@hotmail.com', '7386 Nulla. Ave', '52836', 'Antibes', '09 72 59 13 28', '2022-12-13'),
                                                                                                                          (27, 'Abraham', 'René', '$2b$12$eAtXDFQAvbVyaK8sAjfLROxQ4UIRSpjHXh1pV9TiOcpgfx/Uwv2M2', 'nascetur.ridiculus@aol.ca', 'Ap #672-5671 Non, Av.', '22256', 'Mont-de-Marsan', '06 85 84 65 11', '2022-09-01'),
                                                                                                                          (28, 'Nathaniel', 'Luc', '$2b$12$8As4Vc9KOMwY/JAhcuEvZuvCTzsqIa.A19Z5Z2UMvREk7JlM8Ot2G', 'mus.proin@icloud.couk', 'Ap #455-2072 Est. Rd.', '43684', 'Rennes', '02 28 19 29 44', '2023-01-20'),
                                                                                                                          (29, 'Amery', 'Joseph', '$2b$12$3Ppl7.vdLU68gqZxP4wHduA/ib1mNcnMrugIIRZwG8fiGgrc7BeUu', 'varius.et@aol.edu', '485-4401 Maecenas Rd.', '29285', 'Montreuil', '06 72 91 80 34', '2022-11-18'),
                                                                                                                          (30, 'Brian', 'Paul', '$2b$12$aEdKQ5j4TiO2hRCy44j4JeYO8LBQmN1nl2RRV9rQnI8Gfs1eCNXwW', 'lorem.ipsum@yahoo.org', '377-3805 Metus. Rd.', '30988', 'Angoulême', '05 87 39 51 79', '2022-12-11'),
                                                                                                                          (31, 'Damon', 'Antoine', '$2b$12$HNUa0b2mtNSM7zPXY.XXC.N4E0WqqDZr1v/sEuEQH/MTkV.NGbVsO', 'nam.interdum@hotmail.com', 'Ap #253-7234 Elit St.', '43375', 'Béziers', '02 30 33 26 29', '2023-05-17'),
                                                                                                                          (32, 'Cyrus', 'Michel', '$2b$12$Q1ixN1PCHJtGHflAFG4FA.Iuj1v/Ll0J1Rs6.b58U8Dmb2TeKfQq2', 'mauris.magna@yahoo.couk', 'Ap #203-1006 Aliquet St.', '77223', 'Rezé', '02 55 73 14 80', '2023-01-09'),
                                                                                                                          (33, 'Serina', 'Adrien', '$2b$12$W/4gXf.IoFzWDEgEoRhXK.fGgNHmWexWoZDFHAB0FGtx5LQ8G1hnW', 'urna.convallis.erat@aol.couk', '285-5192 Mi. Rd.', '56373', 'Mérignac', '04 13 19 96 53', '2023-07-11'),
                                                                                                                          (34, 'Yoshio', 'Gabriel', '$2b$12$HrFgJgh.O/s1Lg3uHpMZg.oxCHvOT9c3PQQOABP1ByF5sL/JPeu82', 'vulputate.velit@yahoo.edu', '3554 Vehicula Ave', '75985', 'Nîmes', '06 82 91 37 17', '2023-12-12'),
                                                                                                                          (35, 'Cally', 'Charles', '$2b$12$xt2ksH7nQUjZKyrGm0pQFuwKr6pCkPHMG3CF9PGV03CBTHaFSJQ32', 'arcu.vel@google.couk', 'Ap #510-3083 Dapibus. Rd.', '84918', 'Nice', '04 42 79 49 63', '2022-07-05'),
                                                                                                                          (36, 'Rahim', 'Henri', '$2b$12$9L1ObE84cBhQdZMl0F/05.TMkK8aFdRV5PdPGjLEb7MrAqEjE7I7e', 'malesuada@google.net', 'P.O. Box 458, 9705 Sit St.', '57366', 'Boulogne-sur-Mer', '09 73 16 42 68', '2023-11-18'),
                                                                                                                          (37, 'Malik', 'Emmanuel', '$2b$12$wXZaNDA03Oj9P1n1Z2FksOr2mZP2blMhIQc2GHpDbYItpRqxvo0Y.', 'metus@yahoo.com', '832-6101 Suspendisse Rd.', '37215', 'Besançon', '04 75 44 40 34', '2023-05-25'),
                                                                                                                          (38, 'Kermit', 'Dominique', '$2b$12$3Fhjs9ByDX1LSGkgChMcAOTXFRRPgkZaEuoy.DMiA5m1G4oqL6Gvy', 'ultricies.ligula@icloud.ca', 'P.O. Box 282, 1800 Ac St.', '74582', 'Marseille', '02 19 12 36 74', '2023-09-21'),
                                                                                                                          (39, 'Abdul', 'Thibaut', '$2b$12$NW1x8brUKimQmT4YBaTIpOT3dZh8PrXH2EPPYBq8wUmHke3eCvdx.', 'sem.ut.cursus@icloud.couk', 'P.O. Box 151, 6148 Nunc Rd.', '36616', 'Montreuil', '08 83 69 15 54', '2023-02-16'),
                                                                                                                          (40, 'Dorian', 'Henri', '$2b$12$IjCUBEM8wNmAzlMK4kD.su/FR5buxo5eTrTjD2UUSOB80X4DfrQu2', 'magna@icloud.org', '681-8214 Augue Rd.', '61148', 'Arras', '04 86 16 57 61', '2023-08-15'),
                                                                                                                          (41, 'Aquila', 'Luc', '$2b$12$qHt7/OTWKoNg3/0nl9mGROiEnrcNDop0K9ADvuwgpWpXze4yAm40C', 'duis.cursus@hotmail.couk', '2452 Lacinia St.', '71692', 'Marseille', '09 80 32 85 42', '2023-12-15'),
                                                                                                                          (42, 'Noah', 'Joseph', '$2b$12$P1F7XCeGs2PP/zOf7Q0A7.1ENYIVU7IS12HtJqq9N/rVQnZbHBzC.', 'a@faucibus.co.uk', 'Ap #521-4604 Aliquet Rd.', '68887', 'Caen', '06 60 26 85 56', '2022-07-17'),
                                                                                                                          (43, 'Burke', 'Xavier', '$2b$12$OZ2WtoChgj2yFAsdqlz1MOUfKjEBE.JkzGmGCB61R4Z1POzSFMtP.', 'malesuada.augue@icloud.edu', '371-4387 Eget Ave', '72265', 'Nantes', '06 15 61 30 69', '2022-09-14'),
                                                                                                                          (44, 'Judah', 'Emmanuel', '$2b$12$2uGo4Lb5NJX1Hjv6tfWz4ur2CnwnCCTYrthS6UmSxfqXj9DhzYbHi', 'eleifend.vitae@aol.edu', '355-6373 Arcu. Rd.', '21713', 'Dunkerque', '05 26 21 51 16', '2023-11-18'),
                                                                                                                          (45, 'Arthur', 'Paul', '$2b$12$9W/x3izBZ1EqUeMjZcsg5O0THzL/yS1OE5dp9LZaijX5yl0D5fZJK', 'quisque.tincidunt.pede@icloud.net', '766-4240 Purus St.', '86677', 'Grenoble', '02 35 30 26 39', '2022-07-15'),
                                                                                                                          (46, 'Dieter', 'Lucas', '$2b$12$Rbfdrga2AgLCbICPlf9OxORJpPqlO5ihJ8AZVY40AkeJH.QZx6U4y', 'malesuada.augue@icloud.couk', '332-3307 Tristique Rd.', '53825', 'Marseille', '04 22 25 53 59', '2022-11-01'),
                                                                                                                          (47, 'Carolyn', 'Élise', '$2b$12$aSQ4LqW0sKT5H9yjjC25Qul3ORZ1zhWhuAPSwOfu6RPG5dpHlQieG', 'ornare.fusce@yahoo.org', '423-4091 Cursus St.', '63064', 'Nancy', '02 70 32 26 32', '2022-08-06'),
                                                                                                                          (48, 'Kibo', 'Luc', '$2b$12$nnw6mthJgO8CId6tbf/TCeJjHuh2MxNEASRNB1c7irD5mkLJzJ0O2', 'interdum.feugiat@google.com', 'P.O. Box 764, 7078 Mattis Avenue', '62041', 'Montluçon', '06 28 25 75 82', '2023-07-19'),
                                                                                                                          (49, 'Cameron', 'Claude', '$2b$12$qALfV0yXpO1OdFS25qMQfej3B/2eKUnQyyv2.GZyxPBmYwzVGvxsO', 'pede.malesuada@icloud.edu', '963-6802 Velit St.', '19144', 'Chalon-sur-Saône', '05 78 45 50 50', '2023-01-24'),
                                                                                                                          (50, 'Keaton', 'Olivier', '$2b$12$dKxC5LxGF1N5DOUuMhnDu.jotxdOCWrbMNub/gVHKg6aX2Oglh2Cu', 'magna.ut@aol.net', '873-9452 Tellus Rd.', '84547', 'Reims', '05 10 51 48 21', '2022-11-28'),
                                                                                                                          (51, 'Dean', 'Émile', '$2b$12$qgmlg06Mk7CE1tZ43cR9eOKcGFWtHg32Z1XEv4BuBJ2G8WwwijltK', 'gravida@aol.com', '9458 Nonummy Rd.', '60405', 'Nanterre', '04 27 72 92 74', '2022-10-28'),
                                                                                                                          (52, 'Fredericka', 'Simon', '$2b$12$1uUVINj9r5m1TObOZ05sPeL4lEecwppCkFLmqi1kiZ.5hCxBcdwaS', 'pellentesque.sed@google.com', 'Ap #979-3669 Ipsum Rd.', '23640', 'Saint-Malo', '06 54 65 65 43', '2022-09-28'),
                                                                                                                          (53, 'Lev', 'Noel', '$2b$12$6bIuNsYEVkYFAG9bAi/Xb.qeazN/2dHp8ouRNlvj0SH13G3h1VvC2', 'adipiscing.fringilla@yahoo.edu', 'P.O. Box 464, 4208 Adipiscing Rd.', '30113', 'Chambéry', '09 16 58 44 84', '2022-10-04'),
                                                                                                                          (54, 'Deirdre', 'Jean', '$2b$12$QF79qzld/j4nq99znfXLwexZ7dMZa7FovumF.MD1xHeKdu1qCWZcG', 'pellentesque@google.com', '788-7266 Lacus. Rd.', '66153', 'Le Havre', '04 74 23 21 53', '2022-09-16'),
                                                                                                                          (55, 'Lyle', 'Gaspard', '$2b$12$Ezw1lmTfwxgrVrODNdAolOgJgPXQk1duP2V6GH5OCXfJ9M0pyUDa.', 'facilisis@google.com', 'Ap #939-1212 Mattis St.', '65654', 'Rouen', '05 16 58 34 62', '2023-10-18'),
                                                                                                                          (56, 'Dai', 'Philippe', '$2b$12$LOR.DI2F22.dW/v3uDLG1.VHyJbHRKjT5HjOVG8I5bUhfJeiOJxu2', 'tortor.nibh.sit@google.net', '525-3992 Eget Rd.', '14226', 'Châteauroux', '08 53 13 85 72', '2022-07-23'),
                                                                                                                          (57, 'Grady', 'Émile', '$2b$12$M0RH0lyB3zML/noyTcG.JeyZyAX3rG3Wl0i3JMj0iEu6yA9b6RNrO', 'donec.elementum.lorem@icloud.com', '743-7271 Nunc. Rd.', '72907', 'Nancy', '06 54 12 17 39', '2022-12-24'),
                                                                                                                          (58, 'Hakeem', 'Alexandre', '$2b$12$F2yAtTsF0u9JELa0/NqXWeN5GHvltCr17AXiGM/WaiZ1vXTyQeOHC', 'mollis.dui@google.couk', '6241 Rutrum Rd.', '66680', 'Paris', '09 11 31 89 63', '2023-07-15'),
                                                                                                                          (59, 'Laurel', 'Noel', '$2b$12$MaOU8JJODw8VdOHhGfSoOuq0uMj8L.LH9bU.y3eOryoa4cN4Q7U1W', 'est.vitae@outlook.net', 'Ap #274-9869 Eros. Ave', '21717', 'Besançon', '06 33 14 55 61', '2023-06-10'),
                                                                                                                          (60, 'Dillon', 'Nicolas', '$2b$12$oxGy9iMImHSASBBDIth5XOLhYQJ5NehviAybj6LLEf2/6.kY63Z5K', 'interdum.ligula@outlook.org', '944-3000 Tellus Rd.', '57073', 'Toulon', '09 51 24 38 56', '2023-12-02'),
                                                                                                                          (61, 'Clarke', 'Nicolas', '$2b$12$rnCAYnlCoA6RaiD/M2G5meRh9mG4r6S8Ailow5UM5RlAjJ4rV7PH.', 'ullamcorper.velit@outlook.edu', 'Ap #799-8006 Vehicula Rd.', '70248', 'Strasbourg', '09 58 24 24 63', '2023-12-11'),
                                                                                                                          (62, 'Thaddeus', 'Jean', '$2b$12$7D0YBW6uF0iOjfDUgS/n5.r5KcCIGYvZlUHlpx7NOpm.Y3qoeTxjC', 'vulputate.posuere@outlook.net', 'Ap #728-1885 Et, Av.', '23407', 'Sète', '05 85 55 68 56', '2022-11-25'),
                                                                                                                          (63, 'Ali', 'Émile', '$2b$12$Vo6rBhCxGy/0zzTXBxtL.OysAmHV9nVg1yPmIlx7aFFPEapAOtrPm', 'pellentesque.urna@google.com', 'P.O. Box 260, 2053 Proin Rd.', '18352', 'Annecy', '05 46 22 77 80', '2022-11-27'),
                                                                                                                          (64, 'Stuart', 'Adrien', '$2b$12$SHVTC2Mf.OF17b2e9axfe.L7kHQ1R45gbRDOFDf9WGsVr1V4kD/vm', 'sit@icloud.couk', '6731 Morbi Ave', '62745', 'Colombes', '06 27 46 21 17', '2022-08-26'),
                                                                                                                          (65, 'Connor', 'Noel', '$2b$12$LygE6D2j/CVxsQBeBS50jO8TfWmGA7ySwWB06ozSwfGTbUohdRr6.', 'mollis.dui@aol.org', 'P.O. Box 728, 7480 Suspendisse Ave', '49352', 'Colombes', '04 10 26 60 20', '2023-08-08'),
                                                                                                                          (66, 'Ishmael', 'Philippe', '$2b$12$whJzG4CW8E.gT6OQxYH2ge7wPcnzZyK0en3Nj10RVRV3MFWZytPlu', 'libero.lacus@yahoo.org', 'Ap #760-1280 Aliquet St.', '62835', 'Rouen', '09 52 67 84 60', '2022-12-13'),
                                                                                                                          (67, 'Tate', 'Thibaut', '$2b$12$FsN9YyRHxvkgCCvUjFkV5uqQHL.LXqZpdry2/SHmiS9VfgH1ieAUK', 'viverra@yahoo.couk', '262-5015 Et Rd.', '25365', 'Villejuif', '05 51 34 18 39', '2022-08-21'),
                                                                                                                          (68, 'Nash', 'Philippe', '$2b$12$A5I.e9Hke0I8T5.6/nP6Wu8ddg1i3/j7NhD5mGCtZxfxRzCzCHPzK', 'orci@outlook.com', '804-5183 Feugiat Ave', '13905', 'Cannes', '05 74 13 44 66', '2023-09-08'),
                                                                                                                          (69, 'Lance', 'Alec', '$2b$12$ODX8.Pt6KoHL3um.MWtiCejT/rzpah04r1wQODApj0TTRQ5Gd9pN6', 'dui.fusce.diam@icloud.ca', '7780 Cras St.', '47675', 'Boulogne-sur-Mer', '09 18 18 30 27', '2023-01-23'),
                                                                                                                          (70, 'Barrett', 'Hugo', '$2b$12$VpbrOUODVQwUisPvGGRpfuXz5OSsFgQe3kFqDWcGRuXK1lzTQQ0ae', 'integer@aol.edu', '167-2128 Egestas. St.', '39654', 'Argenteuil', '02 63 30 77 62', '2023-07-14'),
                                                                                                                          (71, 'Michael', 'Gaspard', '$2b$12$OcKQGgrTxo7AlCHw.6OaTOMu9zi93DqGk5efRXxfv9slShC5dXeIS', 'sociis.natoque@yahoo.net', '149-6745 Mus. St.', '83762', 'Montpellier', '05 25 10 19 38', '2023-05-11'),
                                                                                                                          (72, 'Zahir', 'William', '$2b$12$FCIK8Tnvob2OHHRvVdFLy.95JtWaosCX2VzBNvh5Nkh8uvMj8.Hje', 'nulla.donec@icloud.edu', '3761 Fringilla Rd.', '53954', 'Lyon', '04 39 29 18 48', '2022-12-11'),
                                                                                                                          (73, 'Troy', 'Emmanuel', '$2b$12$FEblLBaPXkNR3SEt/oA8MuakQh46lmRpVGrIoNC0js2XQd3.MF.Xy', 'dictum@google.edu', 'Ap #811-8603 Eu. Rd.', '22515', 'Avignon', '09 40 73 26 29', '2023-05-27'),
                                                                                                                          (74, 'Axel', 'Cédric', '$2b$12$BJeSbgIP3Fgds0p34EToBeMWxdmC2mcGttmXKNN4hlGdTSh5d5/c6', 'magna@icloud.edu', '322-9163 Auctor Avenue', '57370', 'Villejuif', '06 71 21 45 33', '2023-12-04'),
                                                                                                                          (75, 'Holmes', 'Charles', '$2b$12$LXBkYg5Mj/8ER0N2pDkHFeUk9RIKOqtxkQpyE3bAh7RpHxr1SoCIa', 'eu.nibh.vulputate@outlook.com', 'Ap #424-9431 Dolor St.', '81725', 'Annecy', '04 21 56 38 26', '2023-01-01'),
                                                                                                                          (76, 'Coby', 'Adrien', '$2b$12$Jh2dFR2zQUMoIJ89tAE1Qud4M26fpMMmB//9rzr7jKTejLZtUNnhS', 'ac.tellus@yahoo.ca', '7576 Quis Rd.', '20454', 'Châteauroux', '04 88 16 87 73', '2023-11-13'),
                                                                                                                          (77, 'Brock', 'Philippe', '$2b$12$7jLSkOEnWeK5sAFysXoxQOGo4mBGb3A1jaW09HRu8Bse4W7dFh3ri', 'vestibulum.ut@outlook.org', '758-3547 Quisque Rd.', '58776', 'Nancy', '09 87 23 44 68', '2023-08-03'),
                                                                                                                          (78, 'Wylie', 'Gustave', '$2b$12$eNxdQd7ZBmdIUDW.eY6vW.0/TLTFzELR54g7E6Dz1oh9uY.o7NJVO', 'ornare.fusce@yahoo.net', 'Ap #495-9028 Facilisis Rd.', '69501', 'Avignon', '02 30 51 16 59', '2023-01-05'),
                                                                                                                          (79, 'Ferdinand', 'Yves', '$2b$12$L2cB1A.LQBuJ6MPF6fO4Vu7F9NgyPYuD2RuwR2U06Fnj13AVbP/mi', 'vitae.ipsum@outlook.edu', '403-6284 Nisi. St.', '28314', 'Besançon', '08 74 49 26 41', '2022-07-09'),
                                                                                                                          (80, 'Otto', 'Dominique', '$2b$12$3kGQxaJQZKP19NCdhlZJHui7CHvO5vzw5ikVNYCcoHFES7UoxF2zG', 'duis.sit@outlook.org', '968-3186 Donec Ave', '89372', 'Marseille', '04 16 67 53 66', '2022-08-16'),
                                                                                                                          (81, 'Dustin', 'Cédric', '$2b$12$5LGEmnI4AQdZjZcJZRTyDunBy7CNpdkG/2ypcoftK7LO.A4npyFYO', 'ipsum@google.edu', '9451 In, Rd.', '85978', 'Aix-en-Provence', '08 71 26 31 26', '2022-09-24'),
                                                                                                                          (82, 'Kamal', 'Élise', '$2b$12$wiCgxLDJ3ZES8QJ6qWXL3eRGn9evZ6UO5Yhz.7OqH4JjG7q2VtB/a', 'turpis@icloud.edu', '3782 Adipiscing, Avenue', '10773', 'Montreuil', '04 11 42 22 31', '2022-08-01'),
                                                                                                                          (83, 'Marsden', 'Gilles', '$2b$12$AnO9k.DrdQm1Bp0EmD2YxOaWhcfxFtHBRRfJfbSHUbddZ0OKjS/oG', 'ante@hotmail.ca', 'Ap #741-1238 Nam St.', '11352', 'Le Mans', '06 44 24 18 64', '2023-06-06'),
                                                                                                                          (84, 'Jamal', 'Claude', '$2b$12$Z/3NL38OTkCv3GdcWeT7vONMkBN.8VYdFbdndpniEoRtEk8vg.K5m', 'pellentesque.ut@icloud.edu', '315-7191 Accumsan Rd.', '47071', 'Caen', '02 12 68 27 46', '2022-09-12'),
                                                                                                                          (85, 'Len', 'Simon', '$2b$12$/1gWW3WFiIdGpF0Xmt88w.nKsZ/Gu9ZjS2DNHmyFfNO6pclC/U4a6', 'erat.nonummy@icloud.com', '114-1074 Ullamcorper St.', '22233', 'Argenteuil', '05 63 49 75 17', '2022-07-09'),
                                                                                                                          (86, 'Tarik', 'Bernard', '$2b$12$zH8Hb3kvMgjdcRnh72DOrODl5ykwVx/XXbb7X48lPSuueLgbgRn3y', 'quis@icloud.net', '8005 In, Ave', '71781', 'Colombes', '06 82 24 21 63', '2023-12-23'),
                                                                                                                          (87, 'Cairo', 'Élise', '$2b$12$sNs4P/Ww9OIQ8xePvI1ZouhrEGF3eW2A8ddOtRxKl6f0gq/LBVg7a', 'tincidunt.dui@icloud.com', 'Ap #937-9159 At Ave', '75632', 'Rouen', '08 80 29 41 46', '2023-11-06'),
                                                                                                                          (88, 'Lance', 'Simon', '$2b$12$fWqKFSaNCXws7XsQH6ccpuDdfzoeAGapLSDmhpb6GVk1t8d60BThm', 'vulputate.ullamcorper.magna@outlook.ca', '832-8132 Sit Av.', '19535', 'Montpellier', '04 65 23 64 26', '2022-12-24'),
                                                                                                                          (89, 'Roary', 'Gilles', '$2b$12$sK4NZTg.pfRk1H74re1MWuMH5IEtfDU1ZqfJbp/N2Dqmk5u8qUbUy', 'dictum@icloud.couk', 'P.O. Box 336, 1811 Nulla. Rd.', '64437', 'Bordeaux', '06 16 42 14 85', '2022-10-12'),
                                                                                                                          (90, 'Laith', 'Claude', '$2b$12$kW70GHXJ0V/qW5T09ANb6eA3qTF/I5pJe0LBsy.TIIr4RS8qjY92m', 'tellus.eu@google.couk', 'Ap #291-2516 Quis Rd.', '66957', 'Toulouse', '04 27 20 85 67', '2022-09-14'),
                                                                                                                          (91, 'Louis', 'Yves', '$2b$12$Xfpl/Tn53uRssYpbFSRbMOlzkz5MFVukZiy5vZhOadbn.yfJzSDQ2', 'consectetuer.adipiscing.elit@icloud.couk', '986-4858 Ac Rd.', '38273', 'Paris', '08 22 36 74 62', '2022-11-11'),
                                                                                                                          (92, 'Ronan', 'Luc', '$2b$12$vv08dhPrsJ0PE5EsyP6.LuBfgbGRuE6BZYIxaPyftToMGZj56yAj6', 'donec.tempus.lorem@outlook.couk', 'Ap #304-1332 Nisi Rd.', '41202', 'Annecy', '09 16 88 41 85', '2022-07-13'),
                                                                                                                          (93, 'Peter', 'William', '$2b$12$YToWv57Z0twHSC2STxPTe.7PNebSiWSGSv8iRtCn8TG.X6S8klzHO', 'nec.quam@aol.ca', '6811 Posuere Rd.', '71155', 'Paris', '04 82 47 66 52', '2023-12-26'),
                                                                                                                          (94, 'Eaton', 'Yves', '$2b$12$BV05hJ96/A9FL9Sb.0e9HeOCX/xQwdxwdAOMCHpe3vjI9kdnXk/VW', 'orci.lacus.vestibulum@google.net', 'P.O. Box 357, 1765 Et, Rd.', '84661', 'Marseille', '04 38 27 43 61', '2022-12-21'),
                                                                                                                          (95, 'Roth', 'Alec', '$2b$12$FR9QqlAjGv1Dk9Hox02XQ.D44K0cPFTH3O02eZ5I3oJKtM.GU9hLi', 'sit.amet.metus@icloud.net', 'Ap #465-7229 Ut Ave', '34899', 'Boulogne-Billancourt', '03 63 28 79 82', '2022-08-06'),
                                                                                                                          (96, 'Mufutau', 'Jean', '$2b$12$2XCax2KbTNdM4NB95lCb..vsB7zB0moetD39RtMDRcIw91PYTbDr2', 'nulla@outlook.net', 'P.O. Box 950, 2684 Est. Avenue', '72686', 'Toulon', '05 79 36 28 82', '2023-06-17'),
                                                                                                                          (97, 'Erich', 'Antoine', '$2b$12$1.LvUHmUbPRXKxk79QyGk.RTib5LlApEiLEtL9hRzwkMUpLw57ACq', 'libero.at.auctor@outlook.ca', '619-7010 Eget, Av.', '50794', 'Tours', '06 16 56 16 76', '2022-10-04'),
                                                                                                                          (98, 'Yuli', 'Dominique', '$2b$12$JNsG8dOgrWll2jEic/9pCeQv79.0z7Z6dfpKqH8G/y57xgO3HWiv6', 'lorem5@outlook.ca', '628-6154 Sed Rd.', '20102', 'Bordeaux', '06 22 74 70 61', '2022-11-30'),
                                                                                                                          (99, 'Alden', 'Nicolas', '$2b$12$BWLXzSvhInn2al/74lXeCeFlGskM.WfZDpF7X3BGoB6m7arXxkfdO', 'nonummy.ac@icloud.com', '5317 Justo. Ave', '53871', 'Boulogne-sur-Mer', '07 49 58 94 32', '2023-11-01'),
                                                                                                                          (100, 'Ezekiel', 'René', '$2b$12$3fwv8b7/2c7E1k7bVpXMzO0A6CRbYPj9YqzEHU6UEZXO.pXapFmba', 'metus@outlook.net', 'P.O. Box 141, 9843 Vitae, Rd.', '12292', 'Paris', '08 61 62 23 39', '2023-09-29'),
                                                                                                                          (101, 'Dale', 'Olivier', '$2b$12$hgfuftNq3c8De5HoUBdDmuv6ZgGs2iGyHwGqez1C8CW2i.F1HzuDe', 'ut@outlook.com', 'Ap #698-1518 Amet, Av.', '52768', 'Lille', '02 22 97 47 94', '2023-07-02'),
                                                                                                                          (102, 'Isaac', 'Nicolas', '$2b$12$Hxjc7hmuR26qr7oMj6ozpuE15gP2e4d8PN9KbWjRVswIz6tyB7XDG', 'eget.ipsum@outlook.com', 'Ap #961-1983 Eu, St.', '62146', 'Saint-Denis', '09 76 66 42 55', '2023-03-22'),
                                                                                                                          (103, 'Quentin', 'Alec', '$2b$12$TMaA6v.JBcZMCn8BgL/wHuCcw8Dy7JOSY9sAIt7UQpnVx.g0XuYI6', 'est.mauris.rhoncus@icloud.org', 'Ap #661-3080 Facilisis St.', '47688', 'Saint-Étienne', '07 30 45 97 74', '2022-11-10'),
                                                                                                                          (104, 'Malik', 'Thibault', '$2b$12$fMoPbPLIEVS.cIRiH1zyrOGwPpgQgCRxOOvC3Ls/ikMd0ZI4Ufyf6', 'nonummy.ultricies@outlook.com', 'P.O. Box 327, 3060 At Rd.', '73988', 'Marseille', '09 45 11 22 99', '2023-02-16');


--
-- Déchargement des données de la table `vehicule`
--
INSERT INTO `vehicule` (`id`, `annee`, `immat`, `id_utilisateur`, `id_modele`) VALUES
                                                                                   (1, 1997, 'XE007OR', 80, 55),
                                                                                   (2, 1998, 'PB412TE', 23, 32),
                                                                                   (3, 2000, 'NC925AL', 76, 94),
                                                                                   (4, 1988, 'EM924QT', 18, 98),
                                                                                   (5, 1980, 'US169TW', 50, 24),
                                                                                   (6, 2007, 'BU600DN', 49, 14),
                                                                                   (7, 2008, 'EJ224PQ', 17, 57),
                                                                                   (8, 2002, 'JX318NC', 90, 2),
                                                                                   (9, 2003, 'AV093DM', 15, 39),
                                                                                   (10, 2006, 'BV924KT', 86, 33),
                                                                                   (11, 2012, 'OL683BJ', 68, 97),
                                                                                   (12, 1989, 'QZ052TZ', 44, 92),
                                                                                   (13, 1989, 'SO645IZ', 64, 27),
                                                                                   (14, 2007, 'VI155AK', 83, 60),
                                                                                   (15, 2003, 'YN847QU', 64, 80),
                                                                                   (16, 1994, 'BX328VK', 25, 35),
                                                                                   (17, 1986, 'NM870HF', 91, 86),
                                                                                   (18, 1996, 'EH830NG', 35, 71),
                                                                                   (19, 2002, 'SU806XQ', 77, 18),
                                                                                   (20, 1982, 'MN113HL', 100, 72),
                                                                                   (21, 1999, 'JK961VT', 62, 15),
                                                                                   (22, 1984, 'GB531XX', 13, 12),
                                                                                   (23, 2012, 'XS824LB', 37, 26),
                                                                                   (24, 2006, 'XH662DB', 86, 78),
                                                                                   (25, 1986, 'VA584UO', 90, 19),
                                                                                   (26, 2003, 'JD699OC', 45, 48),
                                                                                   (27, 1990, 'UP777NF', 30, 90),
                                                                                   (28, 2005, 'NZ364GY', 40, 17),
                                                                                   (29, 1989, 'WM872VL', 86, 5),
                                                                                   (30, 2001, 'SF038ZK', 76, 3),
                                                                                   (31, 1983, 'DL874VU', 94, 62),
                                                                                   (32, 1992, 'MZ421UP', 6, 76),
                                                                                   (33, 2002, 'OA380OV', 44, 77),
                                                                                   (34, 1998, 'KO637ZM', 41, 54),
                                                                                   (35, 2005, 'LW910RE', 26, 25),
                                                                                   (36, 2015, 'VS135OD', 97, 43),
                                                                                   (37, 2017, 'CZ760GC', 61, 30),
                                                                                   (38, 2004, 'TN329BN', 96, 88),
                                                                                   (39, 2008, 'KN315IZ', 78, 73),
                                                                                   (40, 2001, 'BF999XR', 98, 50),
                                                                                   (41, 2015, 'SN593RJ', 66, 85),
                                                                                   (42, 1997, 'UY251UR', 91, 22),
                                                                                   (43, 2004, 'XM699RQ', 25, 23),
                                                                                   (44, 1993, 'DT476UB', 4, 46),
                                                                                   (45, 1994, 'YO986QF', 57, 68),
                                                                                   (46, 2008, 'FL558VL', 56, 6),
                                                                                   (47, 1995, 'UP507KV', 93, 42),
                                                                                   (48, 1997, 'YD912LP', 32, 16),
                                                                                   (49, 1986, 'QI824WU', 95, 49),
                                                                                   (50, 2004, 'HE069AF', 64, 66),
                                                                                   (51, 1981, 'AN454LY', 87, 40),
                                                                                   (52, 1981, 'MQ610QD', 82, 82),
                                                                                   (53, 2004, 'RY780PY', 31, 59),
                                                                                   (54, 1992, 'YW522WM', 28, 37),
                                                                                   (55, 2004, 'TG189CS', 89, 7),
                                                                                   (56, 1992, 'ES154JO', 18, 75),
                                                                                   (57, 1991, 'TB008MS', 39, 29),
                                                                                   (58, 1989, 'ET151AS', 84, 64),
                                                                                   (59, 2002, 'NO112QN', 22, 65),
                                                                                   (60, 2002, 'SZ792SP', 15, 1),
                                                                                   (61, 2011, 'YZ982VH', 12, 69),
                                                                                   (62, 1994, 'CM266GH', 39, 79),
                                                                                   (63, 1981, 'UY433XL', 68, 58),
                                                                                   (64, 2007, 'LX112OH', 67, 21),
                                                                                   (65, 1995, 'RN525DZ', 43, 91),
                                                                                   (66, 2005, 'MN126PZ', 80, 100),
                                                                                   (67, 2003, 'DS141BY', 87, 61),
                                                                                   (68, 2004, 'OZ104LU', 50, 81),
                                                                                   (69, 2011, 'ON866IS', 71, 36),
                                                                                   (70, 1991, 'OT946RK', 99, 83),
                                                                                   (71, 2002, 'BD492GS', 20, 95),
                                                                                   (72, 1988, 'VX055IV', 68, 89),
                                                                                   (73, 2002, 'FO089GK', 75, 28),
                                                                                   (74, 1989, 'ES135PH', 11, 53),
                                                                                   (75, 2004, 'SR226EA', 18, 99),
                                                                                   (76, 2005, 'RG378VR', 21, 10),
                                                                                   (77, 2010, 'XL545HW', 96, 63),
                                                                                   (78, 2012, 'LS168HY', 46, 93),
                                                                                   (79, 1994, 'VG794HH', 20, 20),
                                                                                   (80, 2011, 'PA407VW', 32, 11),
                                                                                   (81, 1985, 'TE695YC', 8, 44),
                                                                                   (82, 2002, 'QV278ZM', 7, 51),
                                                                                   (83, 1989, 'LU531PO', 18, 67),
                                                                                   (84, 1997, 'ZI502LI', 80, 74),
                                                                                   (85, 1992, 'JV938LM', 71, 8),
                                                                                   (86, 1992, 'BY441AV', 40, 84),
                                                                                   (87, 1988, 'AR344ZM', 20, 4),
                                                                                   (88, 1995, 'JL015FJ', 18, 70),
                                                                                   (89, 1982, 'FB570XL', 98, 96),
                                                                                   (90, 1992, 'LX230ES', 77, 38),
                                                                                   (91, 1987, 'BG918RW', 51, 9),
                                                                                   (92, 2001, 'HW442RQ', 62, 47),
                                                                                   (93, 2007, 'EY231TD', 52, 52),
                                                                                   (94, 1994, 'OI848QS', 39, 56),
                                                                                   (95, 1992, 'RF921HV', 21, 34),
                                                                                   (96, 2012, 'GW592NS', 67, 45),
                                                                                   (97, 1997, 'AA033PC', 8, 41),
                                                                                   (98, 2002, 'RC408HS', 27, 87),
                                                                                   (99, 1998, 'SK946TV', 62, 13),
                                                                                   (100, 1993, 'VQ707VV', 61, 31);

--
-- Déchargement des données de la table `vente`
--

INSERT INTO `vente` (`id`, `prix`, `date_rentre`, `date_vente`, `annee`, `immat`, `id_vehicule`) VALUES
                                                                                                     (1, '15000.000', '2024-04-06', NULL, 2019, 'TOY-COR-2024', 1),
                                                                                                     (2, '22000.000', '2024-04-18', NULL, 2020, 'HON-CIV-2024', 31),
                                                                                                     (3, '18000.000', '2024-01-06', NULL, 2018, 'FOR-F15-2024', 21);

